{
  "mae": 3762.52,
  "rmse": 18465.76,
  "r2": 0.161,
  "mape": 88.09,
  "gini": 0.4904,
  "med_ape": 89.9,
  "total_true": 4437726919.16,
  "total_pred": 790284333.34,
  "total_error_pct": 82.19,
  "case_count": 1042106,
  "large_auc": 0.8131253921042758,
  "large_aucpr": 0.46165223658093846,
  "large_recall": 0.10152844303320596
}