{
  "mae": 3240.33,
  "rmse": 15725.77,
  "r2": 0.2443,
  "mape": 106.23,
  "gini": 0.5948,
  "med_ape": 73.62,
  "total_true": 8996369076.27,
  "total_pred": 3461762690.56,
  "total_error_pct": 61.52,
  "case_count": 2096859,
  "large_auc": 0.8817344782660894,
  "large_aucpr": 0.56199170206374,
  "large_recall": 0.1768418860705129
}