{
  "train_loss": [
    [
      10,
      2.612963968515396
    ],
    [
      20,
      2.5933063089847566
    ],
    [
      30,
      2.575978531440099
    ],
    [
      40,
      2.589251048862934
    ],
    [
      50,
      2.5617968261241915
    ],
    [
      60,
      2.5445998166998227
    ],
    [
      70,
      2.5390169935567037
    ],
    [
      80,
      2.522264099493623
    ],
    [
      90,
      2.4993985583384832
    ],
    [
      100,
      2.495758878290653
    ],
    [
      110,
      2.484741443937475
    ],
    [
      120,
      2.4726947424312433
    ],
    [
      130,
      2.4704115450382234
    ],
    [
      140,
      2.466795482805797
    ],
    [
      150,
      2.331782452762127
    ],
    [
      160,
      2.3636853214767246
    ],
    [
      170,
      2.3624847903847694
    ],
    [
      180,
      2.360286756565696
    ],
    [
      190,
      2.375322593996922
    ],
    [
      200,
      2.364177172040117
    ],
    [
      210,
      2.3573328353026333
    ],
    [
      220,
      2.3567301466678963
    ],
    [
      230,
      2.353060690855438
    ],
    [
      240,
      2.3493196067153193
    ],
    [
      250,
      2.3466147214726165
    ],
    [
      260,
      2.345888034266941
    ],
    [
      270,
      2.340949050616473
    ],
    [
      280,
      2.3397665291592693
    ],
    [
      290,
      2.1526983429988227
    ],
    [
      300,
      2.1952472254633904
    ],
    [
      310,
      2.2234522906633525
    ],
    [
      320,
      2.253393593761656
    ],
    [
      330,
      2.2514664867649907
    ],
    [
      340,
      2.266778756997415
    ],
    [
      350,
      2.2831899898521826
    ],
    [
      360,
      2.2931858771725704
    ],
    [
      370,
      2.3020785007365916
    ],
    [
      380,
      2.3005459289997816
    ],
    [
      390,
      2.29752845752914
    ],
    [
      400,
      2.297465895270479
    ],
    [
      410,
      2.3020140895294765
    ],
    [
      420,
      2.2958348467946053
    ]
  ],
  "val_loss": [
    [
      10,
      2.7059086452830923
    ],
    [
      20,
      2.6967891454696655
    ],
    [
      30,
      2.672361796552485
    ],
    [
      40,
      2.6341595216230913
    ],
    [
      50,
      2.6069706895134668
    ],
    [
      60,
      2.591745138168335
    ],
    [
      70,
      2.575570128180764
    ],
    [
      80,
      2.5594615827907217
    ],
    [
      90,
      2.547942865978588
    ],
    [
      100,
      2.541098020293496
    ],
    [
      110,
      2.5338037447495894
    ],
    [
      120,
      2.5251881859519263
    ],
    [
      130,
      2.516885920004411
    ],
    [
      140,
      2.5122188438068735
    ],
    [
      150,
      2.5087643536654385
    ],
    [
      160,
      2.50626324523579
    ],
    [
      170,
      2.503031091256575
    ],
    [
      180,
      2.500259117646651
    ],
    [
      190,
      2.4971656040711836
    ],
    [
      200,
      2.4941408417441626
    ],
    [
      210,
      2.4911550933664497
    ],
    [
      220,
      2.4874211766503076
    ],
    [
      230,
      2.4872675267132847
    ],
    [
      240,
      2.4839744459499014
    ],
    [
      250,
      2.481656616384333
    ],
    [
      260,
      2.479546070098877
    ],
    [
      270,
      2.4756849137219517
    ],
    [
      280,
      2.4758085987784644
    ],
    [
      290,
      2.4767064181241123
    ],
    [
      300,
      2.4741819229992954
    ],
    [
      310,
      2.470878937027671
    ],
    [
      320,
      2.4689175974239004
    ],
    [
      330,
      2.469284014268355
    ],
    [
      340,
      2.4671257084066216
    ],
    [
      350,
      2.4656905911185523
    ],
    [
      360,
      2.463223836638711
    ],
    [
      370,
      2.462720849297263
    ],
    [
      380,
      2.4626533551649614
    ],
    [
      390,
      2.4612496332688765
    ],
    [
      400,
      2.462513652714816
    ],
    [
      410,
      2.457462495023554
    ],
    [
      420,
      2.4572243798862803
    ]
  ],
  "best_val_loss": 2.4572243798862803,
  "total_time_seconds": 36618.15572857857,
  "global_step": 426,
  "config": {
    "model": "/home/models/ms_cache/Qwen/Qwen3___5-2B",
    "lora_r": 8,
    "lora_alpha": 16,
    "lora_dropout": 0.05,
    "batch_size": 4,
    "gradient_accumulation_steps": 4,
    "learning_rate": 0.0001,
    "epochs": 3,
    "max_length": 512
  }
}