{
  "train_loss": [
    [
      10,
      2.588388314843178
    ],
    [
      20,
      2.5536321964114905
    ],
    [
      30,
      2.6087980362276237
    ],
    [
      40,
      2.633960755728185
    ],
    [
      50,
      2.6897582231462
    ],
    [
      60,
      2.6900479938834905
    ]
  ],
  "val_loss": [
    [
      10,
      2.7716368252007486
    ],
    [
      20,
      2.7715973468358905
    ],
    [
      30,
      2.771625695986943
    ],
    [
      40,
      2.771400884406791
    ],
    [
      50,
      2.7712449802440586
    ],
    [
      60,
      2.770837521771345
    ]
  ],
  "best_val_loss": 2.7716368252007486,
  "total_time_seconds": 973.5323684215546,
  "global_step": 60,
  "config": {
    "model": "/home/models/ms_cache/Qwen/Qwen3-1___7B",
    "lora_r": 8,
    "lora_alpha": 16,
    "lora_dropout": 0.05,
    "batch_size": 1,
    "gradient_accumulation_steps": 4,
    "learning_rate": 0.0002,
    "epochs": 3,
    "max_length": 256
  }
}