{
  "best_val_loss": 0.6444255962967873,
  "best_val_acc": 0.4,
  "train_loss_log": [
    [
      1,
      0.6853612169884798,
      0.52046783625731
    ],
    [
      2,
      0.628344481277187,
      0.6666666666666666
    ],
    [
      3,
      0.5716268454204526,
      0.8070175438596491
    ]
  ],
  "val_loss_log": [
    [
      1,
      0.6735186785459518,
      0.3
    ],
    [
      2,
      0.6651886224746704,
      0.3
    ],
    [
      3,
      0.6444255962967873,
      0.4
    ]
  ],
  "total_time_seconds": 334.8425829410553,
  "epochs_completed": 3,
  "config": {
    "model": "/home/models/ms_cache/Qwen/Qwen3-1___7B",
    "base_adapter": "./output_17b_inst_v2/best_model",
    "lr": 5e-06,
    "beta": 0.05,
    "epochs": 3,
    "batch_size": 1,
    "train_pairs": 171,
    "val_pairs": 20
  }
}