{
  "mae": 3342.47,
  "rmse": 15643.08,
  "r2": 0.2522,
  "mape": 88.69,
  "gini": 0.51,
  "med_ape": 76.89,
  "total_true": 8996369076.27,
  "total_pred": 2545852105.56,
  "total_error_pct": 71.7,
  "case_count": 2096859,
  "large_auc": 0.8088676311048593,
  "large_aucpr": 0.4576282019546336,
  "large_recall": 0.11232869581061207
}