{
  "mae": 3741.99,
  "rmse": 22440.37,
  "r2": -0.239,
  "mape": 102.9,
  "gini": 0.4725,
  "med_ape": 89.75,
  "total_true": 4437726919.16,
  "total_pred": 2343201602.49,
  "total_error_pct": 47.2,
  "case_count": 1042106,
  "large_auc": 0.8129952896095738,
  "large_aucpr": 0.4882446790996734,
  "large_recall": 0.27129863839405843
}