{
  "best_val_loss": 0.6533279180526733,
  "best_val_acc": 0.35,
  "train_loss_log": [
    [
      1,
      0.6777831974782442,
      0.5614035087719298
    ],
    [
      2,
      0.6153789000552997,
      0.7602339181286549
    ],
    [
      3,
      0.5653870220769915,
      0.7485380116959064
    ]
  ],
  "val_loss_log": [
    [
      1,
      0.6800610184669494,
      0.35
    ],
    [
      2,
      0.6628016412258149,
      0.3
    ],
    [
      3,
      0.6533279180526733,
      0.35
    ]
  ],
  "total_time_seconds": 284.088121175766,
  "epochs_completed": 3,
  "config": {
    "model": "/home/models/ms_cache/Qwen/Qwen3-1___7B",
    "base_adapter": "./output_17b_inst_v7/best_model",
    "lr": 5e-06,
    "beta": 0.05,
    "epochs": 3,
    "batch_size": 1,
    "train_pairs": 171,
    "val_pairs": 20
  }
}